STATE,COUNTYFP,COUNT
AK,20.0,2084
AK,90.0,1012
AK,170.0,713
AK,122.0,517
AK,110.0,237
AK,130.0,140
AK,150.0,109
AK,185.0,66
AK,50.0,62
AK,261.0,52
AK,220.0,38
AK,188.0,36
AK,195.0,35
AK,240.0,30
AK,180.0,24
AK,198.0,24
AK,100.0,19
AK,70.0,17
AK,105.0,14
AK,275.0,13
AK,290.0,12
AK,16.0,10
AK,230.0,5
AK,68.0,4
AK,13.0,3
AK,158.0,2
AK,164.0,2
AK,60.0,1
AL,73.0,5025
AL,97.0,1894
AL,89.0,1511
AL,125.0,1440
AL,3.0,707
AL,69.0,662
AL,113.0,512
AL,117.0,512
AL,81.0,475
AL,47.0,469
AL,55.0,469
AL,95.0,436
AL,77.0,423
AL,121.0,421
AL,15.0,410
AL,127.0,362
AL,43.0,290
AL,51.0,270
AL,21.0,234
AL,101.0,214
AL,1.0,196
AL,103.0,195
AL,9.0,170
AL,31.0,165
AL,49.0,156
AL,123.0,154
AL,109.0,146
AL,53.0,145
AL,45.0,130
AL,61.0,129
AL,83.0,122
AL,17.0,116
AL,39.0,113
AL,71.0,112
AL,13.0,97
AL,91.0,91
AL,33.0,86
AL,111.0,78
AL,57.0,66
AL,99.0,66
AL,19.0,57
AL,133.0,56
AL,115.0,48
AL,107.0,47
AL,59.0,46
AL,5.0,45
AL,67.0,41
AL,93.0,39
AL,79.0,37
AL,131.0,37
AL,29.0,31
AL,35.0,30
AL,65.0,29
AL,87.0,28
AL,75.0,27
AL,41.0,24
AL,119.0,21
AL,7.0,12
AL,129.0,10
AL,27.0,9
AL,23.0,7
AL,25.0,6
AL,11.0,2
AL,37.0,1
AL,63.0,1
AL,85.0,1
AR,119.0,3942
AR,69.0,1560
AR,7.0,1293
AR,131.0,1105
AR,143.0,1037
AR,51.0,994
AR,31.0,900
AR,93.0,808
AR,35.0,806
AR,125.0,779
AR,145.0,690
AR,45.0,594
AR,91.0,504
AR,33.0,492
AR,115.0,457
AR,63.0,403
AR,85.0,387
AR,111.0,379
AR,139.0,377
AR,55.0,331
AR,123.0,314
AR,5.0,256
AR,107.0,254
AR,1.0,245
AR,27.0,236
AR,59.0,232
AR,37.0,211
AR,135.0,211
AR,23.0,206
AR,71.0,181
AR,9.0,180
AR,3.0,179
AR,43.0,175
AR,15.0,171
AR,53.0,167
AR,121.0,164
AR,29.0,157
AR,11.0,153
AR,75.0,148
AR,95.0,143
AR,103.0,136
AR,47.0,128
AR,19.0,126
AR,41.0,124
AR,61.0,107
AR,67.0,106
AR,83.0,105
AR,89.0,105
AR,133.0,102
AR,39.0,92
AR,79.0,89
AR,137.0,89
AR,127.0,88
AR,17.0,84
AR,57.0,83
AR,141.0,77
AR,149.0,75
AR,49.0,74
AR,21.0,71
AR,87.0,71
AR,147.0,68
AR,113.0,64
AR,73.0,58
AR,65.0,52
AR,109.0,40
AR,25.0,39
AR,105.0,39
AR,81.0,38
AR,97.0,33
AR,117.0,25
AR,77.0,18
AR,129.0,18
AR,99.0,16
AR,13.0,7
AR,101.0,2
AZ,13.0,6789
AZ,19.0,2054
AZ,15.0,682
AZ,21.0,455
AZ,25.0,382
AZ,27.0,333
AZ,5.0,149
AZ,17.0,149
AZ,7.0,98
AZ,3.0,84
AZ,23.0,42
AZ,1.0,39
AZ,12.0,10
AZ,9.0,2
CA,37.0,17950
CA,75.0,6501
CA,73.0,5326
CA,67.0,4124
CA,65.0,3310
CA,19.0,3049
CA,1.0,2884
CA,71.0,2664
CA,29.0,2522
CA,81.0,2186
CA,85.0,2089
CA,59.0,1974
CA,99.0,1805
CA,77.0,1480
CA,107.0,1364
CA,111.0,1273
CA,97.0,1192
CA,61.0,1111
CA,47.0,1075
CA,83.0,909
CA,7.0,870
CA,89.0,766
CA,41.0,728
CA,113.0,704
CA,53.0,694
CA,13.0,625
CA,33.0,586
CA,95.0,500
CA,87.0,498
CA,17.0,488
CA,55.0,458
CA,31.0,424
CA,101.0,424
CA,23.0,411
CA,39.0,401
CA,25.0,356
CA,93.0,352
CA,103.0,323
CA,45.0,297
CA,79.0,297
CA,57.0,212
CA,109.0,211
CA,115.0,181
CA,35.0,164
CA,5.0,153
CA,9.0,123
CA,63.0,116
CA,11.0,76
CA,51.0,75
CA,15.0,60
CA,69.0,56
CA,43.0,51
CA,105.0,51
CA,49.0,29
CA,21.0,24
CA,27.0,12
CA,91.0,3
CO,31.0,2984
CO,5.0,1983
CO,59.0,1975
CO,1.0,1796
CO,69.0,1162
CO,41.0,1147
CO,101.0,1099
CO,13.0,1006
CO,77.0,804
CO,123.0,793
CO,35.0,751
CO,67.0,288
CO,85.0,246
CO,14.0,221
CO,45.0,217
CO,43.0,197
CO,117.0,192
CO,37.0,182
CO,99.0,138
CO,119.0,114
CO,89.0,106
CO,15.0,88
CO,51.0,82
CO,3.0,78
CO,107.0,74
CO,39.0,73
CO,7.0,72
CO,75.0,71
CO,83.0,68
CO,93.0,64
CO,29.0,63
CO,97.0,59
CO,87.0,55
CO,49.0,46
CO,71.0,46
CO,19.0,42
CO,55.0,40
CO,81.0,39
CO,103.0,33
CO,27.0,31
CO,47.0,28
CO,63.0,22
CO,113.0,22
CO,65.0,21
CO,105.0,18
CO,57.0,14
CO,21.0,12
CO,125.0,11
CO,11.0,9
CO,53.0,8
CO,79.0,8
CO,25.0,7
CO,91.0,7
CO,9.0,6
CO,115.0,5
CO,73.0,4
CO,111.0,4
CO,23.0,3
CO,121.0,3
CO,33.0,2
CO,109.0,2
CO,17.0,1
CO,61.0,1
CO,95.0,1
CT,3.0,9372
CT,9.0,8010
CT,1.0,6595
CT,11.0,2219
CT,5.0,1498
CT,7.0,1137
CT,13.0,824
CT,15.0,819
DC,1.0,3285
DE,3.0,4737
DE,1.0,1213
DE,5.0,998
FL,86.0,9461
FL,11.0,6910
FL,103.0,5661
FL,99.0,4025
FL,95.0,3968
FL,105.0,3143
FL,31.0,3004
FL,57.0,2807
FL,127.0,2540
FL,71.0,2476
FL,73.0,2434
FL,33.0,1873
FL,101.0,1764
FL,83.0,1690
FL,117.0,1590
FL,97.0,1479
FL,9.0,1445
FL,81.0,1312
FL,69.0,1139
FL,115.0,1137
FL,5.0,1091
FL,21.0,1034
FL,91.0,1005
FL,109.0,993
FL,113.0,906
FL,1.0,743
FL,15.0,694
FL,53.0,683
FL,107.0,607
FL,17.0,596
FL,61.0,449
FL,35.0,418
FL,131.0,403
FL,111.0,381
FL,55.0,362
FL,119.0,344
FL,39.0,342
FL,23.0,339
FL,63.0,336
FL,87.0,258
FL,89.0,218
FL,75.0,201
FL,51.0,193
FL,19.0,188
FL,85.0,179
FL,29.0,160
FL,3.0,137
FL,121.0,126
FL,123.0,126
FL,79.0,119
FL,59.0,113
FL,47.0,109
FL,7.0,104
FL,93.0,97
FL,133.0,96
FL,27.0,93
FL,49.0,91
FL,129.0,86
FL,41.0,65
FL,65.0,65
FL,45.0,54
FL,125.0,44
FL,43.0,43
FL,13.0,39
FL,77.0,17
FL,67.0,14
FL,37.0,5
GA,121.0,5538
GA,135.0,3470
GA,89.0,3341
GA,245.0,3208
GA,67.0,2802
GA,51.0,2387
GA,21.0,2357
GA,63.0,2101
GA,95.0,1779
GA,215.0,1433
GA,151.0,1222
GA,185.0,1115
GA,153.0,1095
GA,57.0,1070
GA,139.0,1053
GA,117.0,873
GA,45.0,814
GA,285.0,788
GA,97.0,726
GA,77.0,716
GA,59.0,703
GA,115.0,698
GA,223.0,646
GA,247.0,644
GA,255.0,628
GA,217.0,616
GA,15.0,601
GA,127.0,596
GA,299.0,569
GA,113.0,568
GA,71.0,527
GA,297.0,523
GA,313.0,501
GA,73.0,484
GA,295.0,479
GA,31.0,458
GA,47.0,417
GA,233.0,403
GA,277.0,402
GA,175.0,398
GA,179.0,380
GA,13.0,353
GA,39.0,352
GA,261.0,351
GA,9.0,344
GA,103.0,313
GA,87.0,304
GA,275.0,300
GA,129.0,269
GA,105.0,248
GA,111.0,227
GA,69.0,217
GA,157.0,215
GA,107.0,211
GA,81.0,209
GA,147.0,208
GA,227.0,200
GA,123.0,190
GA,177.0,171
GA,189.0,168
GA,311.0,167
GA,205.0,162
GA,187.0,154
GA,225.0,154
GA,85.0,152
GA,159.0,150
GA,131.0,148
GA,137.0,141
GA,251.0,141
GA,17.0,140
GA,163.0,140
GA,161.0,131
GA,291.0,131
GA,35.0,130
GA,171.0,130
GA,19.0,127
GA,143.0,126
GA,29.0,124
GA,219.0,121
GA,321.0,121
GA,169.0,118
GA,199.0,117
GA,207.0,117
GA,33.0,110
GA,241.0,107
GA,193.0,98
GA,317.0,96
GA,91.0,95
GA,257.0,95
GA,145.0,93
GA,23.0,90
GA,99.0,89
GA,237.0,88
GA,303.0,82
GA,231.0,80
GA,271.0,80
GA,213.0,79
GA,279.0,79
GA,305.0,79
GA,287.0,75
GA,235.0,70
GA,55.0,67
GA,229.0,64
GA,253.0,61
GA,149.0,60
GA,119.0,58
GA,267.0,58
GA,5.0,57
GA,93.0,55
GA,281.0,54
GA,301.0,53
GA,293.0,52
GA,273.0,49
GA,197.0,47
GA,211.0,47
GA,75.0,46
GA,243.0,46
GA,1.0,44
GA,27.0,43
GA,201.0,42
GA,263.0,42
GA,109.0,41
GA,165.0,39
GA,195.0,39
GA,221.0,39
GA,269.0,35
GA,43.0,34
GA,11.0,30
GA,25.0,30
GA,83.0,30
GA,61.0,26
GA,133.0,25
GA,283.0,25
GA,191.0,24
GA,49.0,23
GA,183.0,23
GA,319.0,23
GA,315.0,19
GA,167.0,18
GA,181.0,18
GA,307.0,17
GA,309.0,16
GA,79.0,15
GA,173.0,14
GA,289.0,14
GA,3.0,11
GA,259.0,10
GA,37.0,9
GA,65.0,9
GA,7.0,8
GA,209.0,8
GA,249.0,8
GA,101.0,5
GA,155.0,5
GA,239.0,3
GA,265.0,2
GA,53.0,1
GA,125.0,1
GA,141.0,1
HI,3.0,1766
HI,9.0,337
HI,1.0,191
HI,7.0,136
IA,153.0,2026
IA,113.0,1009
IA,163.0,711
IA,193.0,639
IA,103.0,616
IA,13.0,520
IA,61.0,397
IA,155.0,391
IA,57.0,335
IA,169.0,310
IA,187.0,276
IA,45.0,266
IA,111.0,227
IA,33.0,206
IA,179.0,199
IA,139.0,188
IA,49.0,155
IA,127.0,125
IA,181.0,118
IA,157.0,108
IA,99.0,95
IA,145.0,93
IA,21.0,88
IA,65.0,88
IA,123.0,87
IA,97.0,80
IA,175.0,77
IA,101.0,75
IA,19.0,71
IA,7.0,70
IA,79.0,66
IA,137.0,66
IA,171.0,64
IA,59.0,63
IA,121.0,63
IA,191.0,63
IA,11.0,61
IA,183.0,61
IA,67.0,60
IA,85.0,60
IA,105.0,59
IA,125.0,58
IA,27.0,57
IA,95.0,49
IA,15.0,47
IA,17.0,47
IA,87.0,47
IA,83.0,45
IA,129.0,43
IA,5.0,42
IA,167.0,41
IA,39.0,40
IA,47.0,39
IA,25.0,36
IA,185.0,35
IA,23.0,34
IA,31.0,34
IA,43.0,34
IA,51.0,32
IA,173.0,32
IA,133.0,31
IA,149.0,31
IA,41.0,30
IA,141.0,29
IA,189.0,29
IA,109.0,28
IA,35.0,25
IA,107.0,25
IA,147.0,25
IA,1.0,24
IA,29.0,24
IA,159.0,24
IA,115.0,23
IA,55.0,22
IA,77.0,22
IA,117.0,22
IA,93.0,21
IA,131.0,21
IA,9.0,20
IA,89.0,20
IA,177.0,20
IA,63.0,19
IA,195.0,19
IA,71.0,18
IA,161.0,17
IA,73.0,16
IA,81.0,16
IA,151.0,15
IA,197.0,15
IA,119.0,14
IA,75.0,12
IA,135.0,12
IA,37.0,10
IA,165.0,9
IA,53.0,8
IA,69.0,6
IA,143.0,4
IA,91.0,3
IA,3.0,2
ID,1.0,1147
ID,27.0,789
ID,55.0,709
ID,83.0,375
ID,5.0,349
ID,17.0,346
ID,19.0,284
ID,69.0,221
ID,57.0,175
ID,75.0,124
ID,53.0,119
ID,11.0,113
ID,85.0,112
ID,13.0,111
ID,49.0,99
ID,45.0,94
ID,79.0,92
ID,9.0,90
ID,65.0,89
ID,39.0,86
ID,67.0,82
ID,51.0,71
ID,47.0,67
ID,31.0,64
ID,21.0,60
ID,59.0,56
ID,15.0,54
ID,73.0,52
ID,87.0,44
ID,35.0,42
ID,43.0,42
ID,61.0,37
ID,41.0,35
ID,81.0,30
ID,7.0,24
ID,37.0,20
ID,23.0,18
ID,29.0,17
ID,3.0,16
ID,77.0,7
ID,63.0,6
ID,71.0,4
IL,31.0,41927
IL,97.0,3481
IL,43.0,3290
IL,163.0,3064
IL,197.0,2863
IL,201.0,2094
IL,89.0,1888
IL,143.0,1794
IL,119.0,1747
IL,19.0,1457
IL,167.0,1428
IL,111.0,993
IL,115.0,887
IL,113.0,804
IL,99.0,782
IL,183.0,780
IL,161.0,760
IL,91.0,729
IL,179.0,718
IL,37.0,604
IL,199.0,603
IL,77.0,521
IL,1.0,435
IL,29.0,405
IL,95.0,396
IL,93.0,393
IL,81.0,356
IL,121.0,349
IL,195.0,339
IL,55.0,277
IL,177.0,271
IL,165.0,270
IL,117.0,235
IL,49.0,234
IL,137.0,233
IL,21.0,215
IL,107.0,210
IL,63.0,205
IL,57.0,202
IL,127.0,189
IL,141.0,177
IL,73.0,173
IL,105.0,159
IL,45.0,151
IL,135.0,150
IL,103.0,146
IL,7.0,144
IL,109.0,130
IL,33.0,127
IL,145.0,126
IL,181.0,122
IL,157.0,120
IL,85.0,112
IL,125.0,111
IL,27.0,110
IL,23.0,109
IL,11.0,104
IL,17.0,104
IL,83.0,101
IL,75.0,98
IL,187.0,98
IL,159.0,95
IL,41.0,94
IL,149.0,90
IL,101.0,88
IL,133.0,88
IL,193.0,87
IL,5.0,84
IL,15.0,83
IL,189.0,79
IL,203.0,78
IL,39.0,66
IL,87.0,66
IL,185.0,64
IL,191.0,64
IL,67.0,59
IL,53.0,58
IL,3.0,56
IL,129.0,56
IL,61.0,54
IL,51.0,52
IL,79.0,48
IL,123.0,46
IL,139.0,45
IL,147.0,45
IL,131.0,39
IL,25.0,37
IL,35.0,37
IL,173.0,37
IL,155.0,25
IL,153.0,24
IL,171.0,22
IL,175.0,22
IL,169.0,19
IL,59.0,18
IL,47.0,15
IL,9.0,10
IL,71.0,5
IL,151.0,5
IL,13.0,3
IL,65.0,2
IN,97.0,2532
IN,89.0,1938
IN,3.0,1852
IN,163.0,923
IN,141.0,869
IN,57.0,733
IN,35.0,571
IN,157.0,533
IN,105.0,511
IN,39.0,456
IN,127.0,442
IN,91.0,422
IN,63.0,393
IN,43.0,369
IN,53.0,353
IN,109.0,347
IN,167.0,338
IN,19.0,317
IN,95.0,316
IN,177.0,309
IN,81.0,285
IN,5.0,243
IN,85.0,233
IN,93.0,193
IN,27.0,186
IN,65.0,186
IN,113.0,185
IN,145.0,169
IN,67.0,167
IN,59.0,149
IN,11.0,148
IN,83.0,143
IN,69.0,131
IN,77.0,127
IN,173.0,124
IN,99.0,120
IN,33.0,119
IN,107.0,114
IN,151.0,112
IN,183.0,110
IN,31.0,108
IN,29.0,106
IN,75.0,103
IN,51.0,102
IN,133.0,102
IN,135.0,98
IN,41.0,95
IN,71.0,95
IN,1.0,92
IN,165.0,90
IN,9.0,86
IN,21.0,84
IN,103.0,83
IN,129.0,82
IN,17.0,81
IN,179.0,81
IN,13.0,72
IN,61.0,67
IN,137.0,66
IN,37.0,64
IN,175.0,64
IN,79.0,63
IN,119.0,63
IN,169.0,61
IN,23.0,60
IN,123.0,59
IN,181.0,58
IN,147.0,54
IN,87.0,53
IN,45.0,51
IN,111.0,50
IN,25.0,48
IN,49.0,47
IN,139.0,47
IN,121.0,45
IN,55.0,44
IN,153.0,43
IN,101.0,40
IN,47.0,39
IN,15.0,38
IN,159.0,38
IN,117.0,36
IN,73.0,34
IN,143.0,34
IN,125.0,32
IN,149.0,32
IN,115.0,29
IN,131.0,29
IN,155.0,21
IN,171.0,11
IN,161.0,10
IN,7.0,9
KS,173.0,2937
KS,91.0,2213
KS,209.0,1774
KS,177.0,1334
KS,45.0,676
KS,155.0,476
KS,103.0,438
KS,15.0,384
KS,125.0,374
KS,37.0,362
KS,169.0,356
KS,161.0,309
KS,175.0,273
KS,61.0,247
KS,111.0,231
KS,35.0,210
KS,59.0,203
KS,79.0,196
KS,9.0,190
KS,99.0,185
KS,121.0,179
KS,57.0,175
KS,11.0,166
KS,191.0,160
KS,55.0,156
KS,51.0,145
KS,133.0,135
KS,113.0,125
KS,5.0,113
KS,21.0,112
KS,41.0,91
KS,1.0,84
KS,87.0,84
KS,149.0,82
KS,167.0,77
KS,139.0,72
KS,205.0,65
KS,85.0,56
KS,3.0,54
KS,107.0,51
KS,13.0,50
KS,73.0,41
KS,27.0,37
KS,43.0,37
KS,115.0,37
KS,197.0,33
KS,151.0,30
KS,185.0,30
KS,145.0,29
KS,29.0,28
KS,49.0,22
KS,159.0,22
KS,117.0,20
KS,193.0,20
KS,119.0,18
KS,189.0,18
KS,53.0,16
KS,105.0,16
KS,95.0,15
KS,123.0,14
KS,77.0,13
KS,137.0,13
KS,7.0,12
KS,19.0,12
KS,67.0,12
KS,131.0,12
KS,181.0,11
KS,127.0,9
KS,183.0,9
KS,163.0,8
KS,195.0,8
KS,143.0,7
KS,157.0,7
KS,207.0,7
KS,33.0,6
KS,81.0,6
KS,89.0,6
KS,129.0,6
KS,141.0,6
KS,201.0,6
KS,65.0,5
KS,83.0,5
KS,101.0,5
KS,187.0,5
KS,25.0,4
KS,75.0,4
KS,135.0,4
KS,171.0,4
KS,17.0,3
KS,31.0,3
KS,63.0,3
KS,165.0,3
KS,203.0,3
KS,69.0,1
KS,97.0,1
KS,147.0,1
KS,153.0,1
KS,179.0,1
KY,111.0,4947
KY,67.0,3001
KY,117.0,1187
KY,59.0,1029
KY,151.0,516
KY,15.0,513
KY,227.0,505
KY,19.0,489
KY,47.0,395
KY,93.0,383
KY,37.0,374
KY,107.0,354
KY,199.0,290
KY,73.0,286
KY,113.0,284
KY,145.0,251
KY,49.0,245
KY,35.0,241
KY,211.0,232
KY,177.0,224
KY,125.0,220
KY,185.0,220
KY,29.0,216
KY,235.0,209
KY,101.0,204
KY,65.0,201
KY,195.0,198
KY,121.0,194
KY,179.0,193
KY,9.0,192
KY,83.0,192
KY,209.0,192
KY,157.0,191
KY,21.0,175
KY,193.0,171
KY,167.0,162
KY,217.0,152
KY,173.0,140
KY,81.0,132
KY,85.0,131
KY,141.0,131
KY,203.0,130
KY,161.0,127
KY,231.0,127
KY,71.0,112
KY,99.0,112
KY,239.0,105
KY,17.0,101
KY,213.0,91
KY,115.0,90
KY,95.0,89
KY,97.0,88
KY,171.0,78
KY,205.0,77
KY,45.0,72
KY,79.0,72
KY,87.0,72
KY,51.0,71
KY,163.0,71
KY,229.0,70
KY,221.0,69
KY,233.0,68
KY,27.0,67
KY,43.0,66
KY,3.0,65
KY,207.0,65
KY,57.0,64
KY,89.0,62
KY,23.0,58
KY,61.0,58
KY,25.0,55
KY,75.0,55
KY,119.0,53
KY,77.0,52
KY,225.0,51
KY,133.0,50
KY,139.0,50
KY,13.0,48
KY,1.0,46
KY,137.0,45
KY,41.0,44
KY,127.0,43
KY,215.0,43
KY,123.0,40
KY,11.0,39
KY,187.0,39
KY,237.0,38
KY,91.0,37
KY,165.0,35
KY,55.0,33
KY,69.0,33
KY,7.0,32
KY,197.0,32
KY,223.0,32
KY,219.0,28
KY,155.0,26
KY,181.0,26
KY,183.0,24
KY,103.0,23
KY,135.0,23
KY,169.0,23
KY,31.0,21
KY,149.0,21
KY,129.0,20
KY,191.0,20
KY,33.0,18
KY,147.0,18
KY,131.0,14
KY,143.0,14
KY,39.0,11
KY,53.0,5
KY,109.0,5
KY,63.0,3
KY,159.0,3
KY,175.0,3
KY,105.0,1
LA,71.0,3106
LA,17.0,3028
LA,33.0,2850
LA,51.0,2729
LA,73.0,1764
LA,103.0,1155
LA,19.0,1089
LA,55.0,1088
LA,105.0,1074
LA,79.0,941
LA,63.0,685
LA,109.0,581
LA,97.0,569
LA,15.0,528
LA,57.0,453
LA,117.0,380
LA,45.0,379
LA,61.0,367
LA,5.0,351
LA,87.0,344
LA,67.0,331
LA,69.0,300
LA,1.0,269
LA,39.0,260
LA,119.0,260
LA,101.0,240
LA,113.0,218
LA,89.0,197
LA,115.0,196
LA,83.0,195
LA,11.0,179
LA,95.0,174
LA,31.0,171
LA,27.0,158
LA,47.0,150
LA,127.0,148
LA,3.0,125
LA,111.0,123
LA,65.0,117
LA,77.0,116
LA,75.0,113
LA,13.0,105
LA,9.0,104
LA,59.0,104
LA,121.0,81
LA,29.0,80
LA,49.0,76
LA,107.0,71
LA,91.0,68
LA,7.0,55
LA,123.0,55
LA,93.0,53
LA,53.0,50
LA,41.0,46
LA,43.0,37
LA,37.0,36
LA,99.0,35
LA,25.0,34
LA,35.0,31
LA,125.0,31
LA,81.0,28
LA,21.0,13
LA,85.0,9
LA,23.0,3
MA,25.0,24976
MA,17.0,16897
MA,27.0,12267
MA,21.0,9761
MA,9.0,8947
MA,13.0,6365
MA,5.0,4729
MA,23.0,4439
MA,1.0,2021
MA,3.0,1649
MA,15.0,1122
MA,11.0,844
MA,19.0,197
MA,7.0,54
MD,510.0,8484
MD,33.0,3707
MD,3.0,2968
MD,31.0,2334
MD,27.0,1407
MD,25.0,1315
MD,5.0,1236
MD,43.0,1179
MD,21.0,1117
MD,17.0,837
MD,13.0,690
MD,1.0,639
MD,45.0,549
MD,15.0,472
MD,37.0,409
MD,47.0,378
MD,19.0,296
MD,9.0,244
MD,35.0,243
MD,11.0,195
MD,41.0,167
MD,23.0,163
MD,29.0,160
MD,39.0,129
ME,5.0,2770
ME,31.0,1575
ME,19.0,1104
ME,11.0,1003
ME,1.0,992
ME,17.0,435
ME,25.0,424
ME,3.0,394
ME,13.0,337
ME,27.0,298
ME,9.0,258
ME,23.0,212
ME,7.0,209
ME,29.0,127
ME,15.0,111
ME,21.0,16
MI,163.0,25215
MI,125.0,5974
MI,99.0,4716
MI,49.0,3364
MI,81.0,3301
MI,145.0,2512
MI,65.0,1689
MI,77.0,1610
MI,161.0,1508
MI,121.0,1479
MI,21.0,1202
MI,147.0,1027
MI,75.0,850
MI,139.0,831
MI,25.0,796
MI,93.0,667
MI,17.0,608
MI,45.0,582
MI,115.0,491
MI,111.0,425
MI,5.0,413
MI,55.0,350
MI,87.0,335
MI,117.0,324
MI,27.0,319
MI,159.0,314
MI,15.0,307
MI,91.0,297
MI,157.0,261
MI,37.0,251
MI,23.0,242
MI,103.0,227
MI,35.0,217
MI,155.0,211
MI,73.0,210
MI,67.0,209
MI,57.0,198
MI,143.0,188
MI,47.0,187
MI,149.0,181
MI,123.0,176
MI,105.0,171
MI,33.0,166
MI,9.0,158
MI,165.0,157
MI,59.0,149
MI,107.0,147
MI,69.0,140
MI,7.0,139
MI,101.0,123
MI,129.0,123
MI,31.0,119
MI,127.0,111
MI,61.0,110
MI,51.0,105
MI,39.0,102
MI,79.0,100
MI,63.0,99
MI,151.0,99
MI,89.0,97
MI,29.0,95
MI,109.0,95
MI,133.0,91
MI,41.0,85
MI,43.0,81
MI,71.0,81
MI,137.0,81
MI,19.0,76
MI,85.0,72
MI,113.0,72
MI,53.0,71
MI,135.0,69
MI,141.0,54
MI,119.0,42
MI,1.0,40
MI,11.0,39
MI,97.0,36
MI,153.0,30
MI,3.0,23
MI,13.0,23
MI,83.0,14
MI,131.0,9
MS,47.0,1414
MS,49.0,1098
MS,33.0,1077
MS,59.0,1069
MS,75.0,1013
MS,151.0,820
MS,67.0,633
MS,121.0,625
MS,35.0,564
MS,81.0,540
MS,89.0,514
MS,107.0,494
MS,149.0,460
MS,83.0,425
MS,113.0,393
MS,137.0,376
MS,93.0,357
MS,27.0,342
MS,133.0,342
MS,73.0,328
MS,71.0,322
MS,117.0,321
MS,105.0,314
MS,109.0,306
MS,3.0,304
MS,29.0,302
MS,11.0,299
MS,139.0,274
MS,57.0,266
MS,145.0,259
MS,141.0,257
MS,91.0,244
MS,87.0,243
MS,39.0,235
MS,95.0,233
MS,17.0,231
MS,43.0,231
MS,85.0,231
MS,101.0,228
MS,123.0,227
MS,127.0,214
MS,1.0,212
MS,51.0,207
MS,115.0,194
MS,153.0,192
MS,159.0,173
MS,99.0,155
MS,111.0,153
MS,147.0,151
MS,77.0,148
MS,65.0,143
MS,119.0,142
MS,45.0,137
MS,131.0,134
MS,163.0,126
MS,5.0,123
MS,61.0,120
MS,13.0,118
MS,79.0,116
MS,161.0,114
MS,157.0,99
MS,25.0,95
MS,31.0,93
MS,21.0,79
MS,97.0,77
MS,7.0,74
MS,9.0,65
MS,135.0,65
MS,155.0,65
MS,19.0,62
MS,63.0,59
MS,15.0,58
MS,125.0,51
MS,23.0,46
MS,103.0,40
MS,69.0,37
MS,37.0,33
MS,41.0,29
MS,53.0,29
MS,129.0,28
MS,143.0,28
MS,55.0,7
MT,111.0,531
MT,63.0,396
MT,29.0,318
MT,13.0,285
MT,31.0,251
MT,81.0,248
MT,93.0,193
MT,49.0,190
MT,53.0,135
MT,47.0,108
MT,41.0,76
MT,67.0,75
MT,89.0,55
MT,27.0,54
MT,23.0,53
MT,7.0,49
MT,17.0,38
MT,43.0,38
MT,57.0,36
MT,1.0,34
MT,83.0,31
MT,21.0,28
MT,85.0,26
MT,61.0,24
MT,9.0,21
MT,105.0,21
MT,95.0,20
MT,77.0,15
MT,101.0,14
MT,99.0,13
MT,73.0,12
MT,3.0,10
MT,91.0,10
MT,87.0,7
MT,59.0,6
MT,39.0,5
MT,55.0,5
MT,5.0,4
MT,97.0,4
MT,65.0,2
MT,11.0,1
MT,19.0,1
MT,33.0,1
MT,45.0,1
MT,107.0,1
NC,183.0,3998
NC,119.0,3956
NC,81.0,3469
NC,51.0,2903
NC,67.0,2754
NC,63.0,1751
NC,21.0,1552
NC,129.0,1366
NC,71.0,1035
NC,147.0,964
NC,101.0,951
NC,19.0,950
NC,57.0,907
NC,85.0,885
NC,97.0,864
NC,133.0,861
NC,127.0,845
NC,159.0,843
NC,1.0,837
NC,151.0,762
NC,25.0,692
NC,191.0,690
NC,125.0,672
NC,155.0,663
NC,27.0,646
NC,157.0,641
NC,195.0,619
NC,179.0,606
NC,35.0,599
NC,31.0,591
NC,49.0,581
NC,89.0,568
NC,109.0,558
NC,65.0,555
NC,135.0,549
NC,87.0,539
NC,167.0,535
NC,107.0,516
NC,45.0,470
NC,23.0,451
NC,83.0,437
NC,105.0,431
NC,171.0,425
NC,193.0,414
NC,47.0,411
NC,161.0,386
NC,153.0,371
NC,55.0,370
NC,181.0,356
NC,163.0,319
NC,37.0,304
NC,93.0,298
NC,189.0,288
NC,113.0,286
NC,77.0,282
NC,141.0,278
NC,169.0,253
NC,69.0,249
NC,59.0,242
NC,175.0,233
NC,111.0,230
NC,139.0,228
NC,197.0,218
NC,145.0,211
NC,61.0,193
NC,13.0,190
NC,53.0,188
NC,7.0,182
NC,117.0,182
NC,99.0,180
NC,165.0,171
NC,91.0,154
NC,17.0,151
NC,131.0,148
NC,149.0,132
NC,185.0,132
NC,79.0,130
NC,39.0,126
NC,199.0,126
NC,33.0,125
NC,3.0,119
NC,173.0,97
NC,9.0,94
NC,123.0,81
NC,115.0,73
NC,11.0,71
NC,121.0,70
NC,137.0,63
NC,15.0,57
NC,41.0,56
NC,43.0,55
NC,143.0,51
NC,187.0,50
NC,75.0,44
NC,73.0,43
NC,5.0,42
NC,103.0,30
NC,29.0,10
NC,95.0,9
NC,177.0,3
ND,17.0,645
ND,15.0,345
ND,35.0,267
ND,89.0,185
ND,101.0,170
ND,93.0,141
ND,71.0,113
ND,59.0,108
ND,105.0,88
ND,3.0,44
ND,57.0,32
ND,77.0,31
ND,99.0,22
ND,53.0,21
ND,9.0,16
ND,21.0,16
ND,61.0,15
ND,73.0,15
ND,11.0,14
ND,103.0,14
ND,49.0,12
ND,67.0,12
ND,45.0,11
ND,55.0,11
ND,79.0,11
ND,29.0,10
ND,63.0,10
ND,25.0,9
ND,5.0,8
ND,83.0,7
ND,69.0,6
ND,81.0,6
ND,97.0,6
ND,1.0,4
ND,37.0,4
ND,43.0,4
ND,65.0,4
ND,13.0,3
ND,23.0,3
ND,31.0,3
ND,19.0,2
ND,33.0,2
ND,39.0,2
ND,47.0,1
ND,75.0,1
ND,95.0,1
NE,55.0,3628
NE,109.0,1042
NE,153.0,387
NE,157.0,191
NE,79.0,166
NE,1.0,164
NE,119.0,139
NE,19.0,126
NE,53.0,121
NE,111.0,106
NE,67.0,83
NE,25.0,74
NE,47.0,71
NE,185.0,60
NE,141.0,48
NE,131.0,47
NE,43.0,40
NE,145.0,40
NE,155.0,39
NE,151.0,31
NE,23.0,28
NE,31.0,23
NE,167.0,23
NE,11.0,22
NE,99.0,21
NE,95.0,18
NE,147.0,17
NE,177.0,16
NE,37.0,15
NE,89.0,14
NE,101.0,14
NE,129.0,14
NE,13.0,13
NE,27.0,13
NE,123.0,13
NE,137.0,13
NE,33.0,12
NE,173.0,11
NE,3.0,10
NE,41.0,10
NE,71.0,10
NE,81.0,10
NE,169.0,10
NE,125.0,9
NE,135.0,9
NE,179.0,9
NE,39.0,8
NE,51.0,8
NE,59.0,8
NE,61.0,8
NE,139.0,8
NE,65.0,7
NE,127.0,7
NE,143.0,7
NE,163.0,7
NE,161.0,6
NE,35.0,5
NE,77.0,5
NE,83.0,5
NE,121.0,5
NE,133.0,5
NE,159.0,5
NE,73.0,4
NE,87.0,4
NE,107.0,4
NE,175.0,4
NE,17.0,3
NE,45.0,3
NE,69.0,3
NE,63.0,2
NE,75.0,2
NE,93.0,2
NE,97.0,2
NE,181.0,2
NE,5.0,1
NE,21.0,1
NE,49.0,1
NE,117.0,1
NH,11.0,2814
NH,15.0,1967
NH,13.0,1359
NH,1.0,841
NH,9.0,769
NH,5.0,740
NH,17.0,698
NH,3.0,633
NH,19.0,398
NH,7.0,237
NJ,17.0,9488
NJ,13.0,9220
NJ,3.0,8322
NJ,31.0,5990
NJ,39.0,5599
NJ,7.0,5129
NJ,21.0,5032
NJ,25.0,4167
NJ,23.0,3860
NJ,27.0,2600
NJ,5.0,2283
NJ,29.0,2099
NJ,1.0,1813
NJ,11.0,1343
NJ,15.0,1176
NJ,9.0,1072
NJ,35.0,1013
NJ,37.0,611
NJ,33.0,565
NJ,41.0,523
NJ,19.0,496
NM,1.0,2133
NM,49.0,405
NM,13.0,385
NM,45.0,376
NM,43.0,319
NM,15.0,287
NM,61.0,256
NM,35.0,220
NM,25.0,197
NM,5.0,187
NM,9.0,154
NM,55.0,86
NM,31.0,82
NM,27.0,81
NM,7.0,76
NM,17.0,75
NM,6.0,71
NM,47.0,67
NM,41.0,60
NM,39.0,57
NM,29.0,56
NM,37.0,56
NM,53.0,55
NM,51.0,48
NM,28.0,32
NM,57.0,30
NM,59.0,24
NM,23.0,10
NM,3.0,8
NM,19.0,8
NM,33.0,8
NM,11.0,1
NV,3.0,8275
NV,31.0,2327
NV,7.0,275
NV,23.0,212
NV,5.0,203
NV,510.0,173
NV,19.0,170
NV,1.0,75
NV,21.0,38
NV,33.0,36
NV,29.0,20
NV,27.0,14
NV,13.0,9
NV,17.0,7
NV,11.0,4
NV,15.0,1
NY,47.0,45599
NY,5.0,32644
NY,61.0,31070
NY,81.0,10687
NY,119.0,9891
NY,85.0,6691
NY,55.0,6150
NY,103.0,4773
NY,67.0,4515
NY,59.0,4241
NY,29.0,3032
NY,65.0,2132
NY,71.0,2105
NY,27.0,2034
NY,87.0,1766
NY,93.0,1679
NY,1.0,1634
NY,63.0,1387
NY,7.0,969
NY,111.0,858
NY,79.0,744
NY,91.0,731
NY,13.0,616
NY,15.0,541
NY,83.0,495
NY,45.0,479
NY,69.0,475
NY,113.0,460
NY,75.0,440
NY,109.0,440
NY,11.0,425
NY,21.0,351
NY,9.0,350
NY,57.0,323
NY,17.0,299
NY,19.0,294
NY,23.0,288
NY,37.0,277
NY,105.0,276
NY,35.0,265
NY,43.0,264
NY,33.0,263
NY,101.0,260
NY,89.0,237
NY,117.0,184
NY,51.0,171
NY,53.0,156
NY,77.0,155
NY,73.0,152
NY,31.0,147
NY,99.0,131
NY,107.0,123
NY,115.0,115
NY,3.0,93
NY,39.0,69
NY,49.0,65
NY,121.0,63
NY,97.0,56
NY,25.0,54
NY,123.0,36
NY,95.0,29
NY,41.0,14
OH,35.0,9544
OH,49.0,7114
OH,61.0,5662
OH,113.0,4499
OH,153.0,4427
OH,99.0,3542
OH,95.0,3386
OH,151.0,2582
OH,93.0,2453
OH,17.0,2062
OH,85.0,1639
OH,155.0,1450
OH,139.0,1153
OH,89.0,1132
OH,23.0,1108
OH,3.0,1102
OH,145.0,1095
OH,165.0,899
OH,25.0,863
OH,133.0,858
OH,45.0,784
OH,7.0,777
OH,43.0,759
OH,41.0,751
OH,29.0,732
OH,119.0,728
OH,103.0,715
OH,57.0,698
OH,81.0,633
OH,169.0,632
OH,55.0,572
OH,109.0,560
OH,141.0,559
OH,101.0,543
OH,157.0,515
OH,173.0,511
OH,87.0,444
OH,63.0,428
OH,37.0,399
OH,83.0,399
OH,149.0,387
OH,13.0,370
OH,77.0,355
OH,9.0,339
OH,71.0,336
OH,79.0,329
OH,59.0,310
OH,33.0,304
OH,143.0,302
OH,147.0,299
OH,91.0,298
OH,47.0,296
OH,53.0,291
OH,135.0,290
OH,159.0,288
OH,123.0,282
OH,39.0,275
OH,129.0,264
OH,15.0,263
OH,107.0,251
OH,21.0,247
OH,27.0,243
OH,5.0,241
OH,31.0,241
OH,1.0,236
OH,161.0,229
OH,97.0,222
OH,131.0,221
OH,11.0,218
OH,65.0,208
OH,117.0,208
OH,127.0,200
OH,171.0,200
OH,167.0,196
OH,19.0,175
OH,51.0,161
OH,73.0,156
OH,69.0,154
OH,75.0,118
OH,105.0,114
OH,137.0,107
OH,163.0,104
OH,125.0,100
OH,175.0,93
OH,115.0,76
OH,67.0,74
OH,121.0,45
OH,111.0,36
OK,109.0,5483
OK,143.0,4310
OK,27.0,1192
OK,101.0,774
OK,17.0,534
OK,125.0,373
OK,131.0,372
OK,31.0,327
OK,37.0,281
OK,147.0,280
OK,19.0,267
OK,47.0,246
OK,71.0,214
OK,135.0,196
OK,119.0,194
OK,51.0,193
OK,111.0,188
OK,113.0,186
OK,145.0,177
OK,13.0,152
OK,65.0,152
OK,83.0,149
OK,97.0,149
OK,123.0,147
OK,133.0,145
OK,79.0,143
OK,41.0,136
OK,39.0,135
OK,115.0,127
OK,23.0,115
OK,87.0,110
OK,153.0,93
OK,137.0,92
OK,81.0,90
OK,15.0,84
OK,9.0,82
OK,21.0,78
OK,89.0,77
OK,5.0,72
OK,35.0,72
OK,121.0,72
OK,49.0,63
OK,11.0,55
OK,151.0,52
OK,103.0,43
OK,105.0,43
OK,95.0,42
OK,99.0,39
OK,117.0,33
OK,63.0,31
OK,73.0,27
OK,141.0,27
OK,69.0,26
OK,61.0,24
OK,93.0,19
OK,1.0,16
OK,85.0,16
OK,33.0,15
OK,91.0,15
OK,139.0,15
OK,149.0,11
OK,45.0,9
OK,75.0,9
OK,29.0,6
OK,43.0,5
OK,59.0,4
OK,55.0,3
OK,107.0,3
OK,127.0,3
OK,3.0,2
OK,53.0,2
OK,77.0,2
OR,51.0,2773
OR,67.0,2010
OR,5.0,1745
OR,47.0,1364
OR,39.0,1246
OR,29.0,933
OR,17.0,712
OR,43.0,587
OR,33.0,528
OR,19.0,514
OR,9.0,395
OR,53.0,358
OR,71.0,356
OR,35.0,330
OR,59.0,290
OR,41.0,265
OR,7.0,241
OR,3.0,215
OR,11.0,168
OR,57.0,148
OR,61.0,123
OR,65.0,123
OR,27.0,108
OR,31.0,106
OR,45.0,101
OR,1.0,86
OR,15.0,75
OR,13.0,49
OR,63.0,48
OR,49.0,44
OR,25.0,31
OR,37.0,28
OR,23.0,19
OR,21.0,17
OR,55.0,7
OR,69.0,3
PA,101.0,11646
PA,3.0,3652
PA,43.0,1965
PA,45.0,1789
PA,29.0,1637
PA,91.0,1530
PA,17.0,1440
PA,71.0,1414
PA,133.0,1279
PA,11.0,1145
PA,79.0,1136
PA,69.0,903
PA,41.0,858
PA,129.0,844
PA,95.0,756
PA,7.0,661
PA,49.0,590
PA,77.0,549
PA,27.0,405
PA,75.0,379
PA,107.0,379
PA,21.0,369
PA,81.0,324
PA,125.0,290
PA,35.0,271
PA,55.0,251
PA,85.0,237
PA,13.0,234
PA,19.0,224
PA,1.0,216
PA,51.0,193
PA,39.0,190
PA,111.0,187
PA,33.0,180
PA,99.0,145
PA,97.0,141
PA,121.0,141
PA,25.0,140
PA,59.0,121
PA,61.0,119
PA,87.0,112
PA,37.0,109
PA,127.0,87
PA,103.0,75
PA,73.0,69
PA,123.0,65
PA,15.0,63
PA,9.0,60
PA,65.0,54
PA,47.0,49
PA,119.0,47
PA,89.0,40
PA,31.0,39
PA,131.0,36
PA,63.0,32
PA,83.0,32
PA,5.0,29
PA,115.0,28
PA,117.0,26
PA,67.0,22
PA,93.0,22
PA,105.0,20
PA,57.0,18
PA,109.0,16
PA,23.0,8
PA,113.0,6
RI,7.0,2992
RI,3.0,756
RI,9.0,508
RI,5.0,438
RI,1.0,291
SC,45.0,4026
SC,19.0,3288
SC,79.0,2603
SC,83.0,2066
SC,63.0,1999
SC,85.0,1747
SC,7.0,1542
SC,51.0,1439
SC,41.0,1083
SC,91.0,1032
SC,75.0,958
SC,13.0,929
SC,3.0,868
SC,15.0,787
SC,57.0,708
SC,35.0,654
SC,77.0,610
SC,47.0,525
SC,21.0,519
SC,59.0,485
SC,29.0,446
SC,31.0,444
SC,73.0,419
SC,27.0,383
SC,69.0,326
SC,43.0,293
SC,55.0,253
SC,61.0,199
SC,25.0,195
SC,89.0,192
SC,39.0,175
SC,9.0,171
SC,71.0,164
SC,67.0,153
SC,1.0,145
SC,49.0,145
SC,11.0,141
SC,87.0,139
SC,53.0,122
SC,5.0,116
SC,17.0,98
SC,23.0,86
SC,37.0,68
SC,81.0,40
SC,33.0,37
SC,65.0,8
SD,103.0,743
SD,99.0,689
SD,13.0,111
SD,11.0,72
SD,83.0,71
SD,93.0,61
SD,27.0,59
SD,135.0,57
SD,65.0,50
SD,35.0,46
SD,29.0,42
SD,81.0,19
SD,5.0,17
SD,125.0,10
SD,127.0,9
SD,105.0,8
SD,9.0,7
SD,33.0,7
SD,87.0,6
SD,91.0,6
SD,23.0,5
SD,57.0,5
SD,51.0,4
SD,77.0,4
SD,85.0,4
SD,97.0,4
SD,101.0,4
SD,37.0,3
SD,47.0,3
SD,53.0,3
SD,67.0,3
SD,79.0,3
SD,129.0,3
SD,19.0,2
SD,59.0,2
SD,61.0,2
SD,71.0,2
SD,111.0,2
SD,117.0,2
SD,119.0,2
SD,3.0,1
SD,7.0,1
SD,15.0,1
SD,39.0,1
SD,43.0,1
SD,45.0,1
SD,49.0,1
SD,69.0,1
SD,115.0,1
SD,121.0,1
SD,123.0,1
TN,157.0,10955
TN,93.0,2649
TN,65.0,2222
TN,37.0,1913
TN,149.0,1386
TN,125.0,1372
TN,113.0,989
TN,163.0,987
TN,179.0,742
TN,165.0,730
TN,187.0,636
TN,119.0,617
TN,11.0,596
TN,9.0,563
TN,145.0,544
TN,35.0,543
TN,155.0,530
TN,189.0,488
TN,1.0,469
TN,141.0,459
TN,53.0,440
TN,167.0,402
TN,19.0,398
TN,107.0,391
TN,59.0,387
TN,29.0,373
TN,123.0,362
TN,77.0,340
TN,47.0,324
TN,17.0,304
TN,131.0,304
TN,31.0,303
TN,51.0,300
TN,99.0,299
TN,3.0,279
TN,45.0,272
TN,147.0,265
TN,13.0,259
TN,69.0,249
TN,183.0,244
TN,89.0,238
TN,79.0,235
TN,105.0,235
TN,43.0,216
TN,143.0,214
TN,159.0,213
TN,185.0,210
TN,25.0,204
TN,117.0,202
TN,103.0,201
TN,177.0,201
TN,115.0,191
TN,73.0,187
TN,21.0,185
TN,71.0,182
TN,63.0,181
TN,97.0,169
TN,41.0,168
TN,111.0,165
TN,55.0,161
TN,151.0,160
TN,5.0,159
TN,133.0,159
TN,109.0,157
TN,129.0,154
TN,61.0,149
TN,181.0,139
TN,121.0,137
TN,173.0,124
TN,75.0,112
TN,7.0,104
TN,23.0,103
TN,85.0,99
TN,91.0,98
TN,161.0,92
TN,81.0,79
TN,83.0,79
TN,139.0,78
TN,39.0,77
TN,169.0,77
TN,15.0,72
TN,49.0,68
TN,153.0,68
TN,87.0,61
TN,175.0,57
TN,27.0,50
TN,135.0,50
TN,33.0,48
TN,57.0,44
TN,101.0,39
TN,67.0,25
TN,171.0,24
TN,95.0,22
TN,127.0,13
TN,137.0,5
TX,201.0,14103
TX,113.0,11307
TX,439.0,9661
TX,29.0,5217
TX,453.0,4074
TX,141.0,2928
TX,85.0,2487
TX,121.0,2473
TX,245.0,2376
TX,27.0,2004
TX,355.0,1754
TX,303.0,1656
TX,157.0,1614
TX,339.0,1546
TX,167.0,1389
TX,491.0,1305
TX,309.0,1301
TX,375.0,1254
TX,485.0,1211
TX,183.0,1059
TX,41.0,1003
TX,215.0,962
TX,441.0,950
TX,423.0,925
TX,39.0,896
TX,135.0,876
TX,381.0,778
TX,251.0,744
TX,61.0,690
TX,479.0,617
TX,37.0,606
TX,329.0,598
TX,139.0,597
TX,181.0,592
TX,213.0,573
TX,361.0,540
TX,187.0,520
TX,209.0,511
TX,231.0,505
TX,367.0,489
TX,91.0,470
TX,469.0,443
TX,451.0,441
TX,257.0,419
TX,203.0,409
TX,277.0,394
TX,99.0,342
TX,347.0,333
TX,349.0,302
TX,5.0,299
TX,21.0,252
TX,471.0,245
TX,397.0,238
TX,249.0,237
TX,53.0,222
TX,49.0,212
TX,497.0,206
TX,401.0,197
TX,199.0,189
TX,409.0,185
TX,499.0,182
TX,179.0,166
TX,73.0,164
TX,291.0,164
TX,449.0,163
TX,97.0,162
TX,465.0,161
TX,481.0,159
TX,363.0,158
TX,189.0,157
TX,221.0,156
TX,223.0,155
TX,241.0,155
TX,67.0,151
TX,459.0,150
TX,227.0,147
TX,353.0,145
TX,487.0,140
TX,233.0,138
TX,407.0,135
TX,265.0,130
TX,427.0,130
TX,63.0,116
TX,259.0,112
TX,147.0,110
TX,117.0,108
TX,337.0,108
TX,55.0,106
TX,1.0,104
TX,415.0,103
TX,133.0,102
TX,477.0,99
TX,341.0,91
TX,185.0,87
TX,343.0,85
TX,15.0,84
TX,467.0,81
TX,217.0,80
TX,273.0,80
TX,163.0,79
TX,225.0,79
TX,445.0,76
TX,457.0,76
TX,149.0,75
TX,219.0,75
TX,323.0,75
TX,161.0,74
TX,143.0,73
TX,365.0,73
TX,3.0,72
TX,281.0,72
TX,279.0,71
TX,493.0,71
TX,13.0,70
TX,59.0,70
TX,503.0,69
TX,325.0,67
TX,331.0,67
TX,387.0,66
TX,455.0,65
TX,293.0,64
TX,83.0,57
TX,89.0,57
TX,429.0,57
TX,315.0,55
TX,7.0,53
TX,145.0,50
TX,171.0,49
TX,115.0,48
TX,57.0,47
TX,437.0,45
TX,473.0,44
TX,307.0,43
TX,321.0,42
TX,419.0,42
TX,463.0,42
TX,177.0,39
TX,399.0,38
TX,159.0,37
TX,123.0,36
TX,239.0,35
TX,299.0,35
TX,19.0,33
TX,255.0,33
TX,287.0,33
TX,379.0,33
TX,111.0,32
TX,335.0,32
TX,289.0,31
TX,71.0,27
TX,77.0,27
TX,285.0,27
TX,119.0,25
TX,31.0,24
TX,193.0,23
TX,395.0,22
TX,253.0,21
TX,489.0,19
TX,371.0,18
TX,17.0,17
TX,505.0,17
TX,51.0,16
TX,131.0,16
TX,69.0,15
TX,153.0,15
TX,405.0,15
TX,475.0,14
TX,373.0,13
TX,283.0,12
TX,9.0,11
TX,391.0,11
TX,425.0,11
TX,191.0,9
TX,243.0,9
TX,351.0,9
TX,495.0,9
TX,25.0,8
TX,151.0,8
TX,205.0,8
TX,125.0,7
TX,195.0,7
TX,501.0,7
TX,197.0,6
TX,333.0,6
TX,65.0,5
TX,377.0,5
TX,403.0,5
TX,105.0,4
TX,137.0,4
TX,237.0,4
TX,275.0,4
TX,101.0,3
TX,417.0,3
TX,435.0,3
TX,93.0,2
TX,211.0,2
TX,305.0,2
TX,317.0,2
TX,447.0,2
TX,45.0,1
TX,81.0,1
TX,129.0,1
TX,393.0,1
TX,411.0,1
UT,35.0,2676
UT,49.0,741
UT,57.0,714
UT,11.0,692
UT,45.0,171
UT,3.0,152
UT,53.0,152
UT,5.0,147
UT,21.0,142
UT,43.0,104
UT,7.0,96
UT,51.0,64
UT,13.0,33
UT,39.0,30
UT,47.0,30
UT,23.0,29
UT,27.0,22
UT,25.0,16
UT,41.0,15
UT,29.0,14
UT,17.0,13
UT,15.0,11
UT,33.0,4
UT,1.0,2
UT,37.0,2
VA,59.0,3922
VA,760.0,3045
VA,41.0,2508
VA,810.0,2456
VA,700.0,1826
VA,87.0,1798
VA,550.0,1512
VA,740.0,1329
VA,650.0,1158
VA,710.0,1121
VA,510.0,1034
VA,13.0,990
VA,107.0,952
VA,770.0,869
VA,800.0,829
VA,153.0,744
VA,15.0,712
VA,680.0,688
VA,85.0,686
VA,590.0,678
VA,730.0,611
VA,3.0,597
VA,161.0,568
VA,179.0,522
VA,165.0,498
VA,19.0,453
VA,61.0,448
VA,143.0,422
VA,69.0,412
VA,95.0,411
VA,121.0,405
VA,660.0,388
VA,540.0,378
VA,117.0,374
VA,83.0,366
VA,177.0,349
VA,520.0,344
VA,670.0,339
VA,67.0,328
VA,89.0,322
VA,171.0,317
VA,187.0,305
VA,31.0,280
VA,47.0,270
VA,790.0,252
VA,139.0,239
VA,173.0,239
VA,1.0,238
VA,199.0,236
VA,683.0,236
VA,137.0,227
VA,197.0,225
VA,820.0,222
VA,191.0,217
VA,9.0,214
VA,155.0,210
VA,185.0,207
VA,840.0,200
VA,5.0,185
VA,73.0,185
VA,163.0,183
VA,195.0,181
VA,99.0,178
VA,23.0,177
VA,630.0,172
VA,35.0,164
VA,570.0,163
VA,690.0,156
VA,109.0,150
VA,620.0,141
VA,169.0,134
VA,775.0,134
VA,25.0,127
VA,53.0,125
VA,145.0,122
VA,175.0,122
VA,125.0,117
VA,147.0,117
VA,111.0,115
VA,75.0,113
VA,79.0,113
VA,63.0,112
VA,141.0,109
VA,600.0,107
VA,830.0,105
VA,750.0,103
VA,193.0,99
VA,685.0,99
VA,93.0,98
VA,43.0,96
VA,183.0,96
VA,127.0,95
VA,77.0,91
VA,101.0,86
VA,149.0,85
VA,11.0,82
VA,29.0,82
VA,81.0,80
VA,27.0,79
VA,133.0,79
VA,119.0,77
VA,735.0,76
VA,51.0,73
VA,71.0,71
VA,105.0,69
VA,33.0,67
VA,595.0,67
VA,157.0,65
VA,580.0,65
VA,7.0,63
VA,115.0,59
VA,57.0,56
VA,530.0,55
VA,135.0,53
VA,181.0,53
VA,610.0,53
VA,49.0,47
VA,131.0,45
VA,36.0,43
VA,97.0,41
VA,678.0,39
VA,37.0,38
VA,45.0,37
VA,65.0,35
VA,167.0,33
VA,720.0,26
VA,113.0,25
VA,21.0,23
VA,91.0,15
VA,103.0,11
VA,17.0,10
VA,159.0,6
VA,640.0,5
VT,7.0,1558
VT,21.0,599
VT,25.0,533
VT,23.0,496
VT,27.0,488
VT,5.0,472
VT,11.0,321
VT,17.0,272
VT,3.0,248
VT,15.0,192
VT,19.0,175
VT,1.0,122
VT,9.0,45
VT,13.0,28
WA,33.0,8412
WA,53.0,3005
WA,61.0,2235
WA,63.0,2210
WA,77.0,1816
WA,11.0,1704
WA,35.0,1453
WA,67.0,1366
WA,5.0,1166
WA,73.0,776
WA,41.0,739
WA,57.0,672
WA,15.0,649
WA,29.0,550
WA,27.0,491
WA,45.0,406
WA,9.0,372
WA,7.0,363
WA,21.0,349
WA,31.0,271
WA,65.0,266
WA,49.0,258
WA,25.0,220
WA,71.0,215
WA,37.0,198
WA,47.0,166
WA,75.0,161
WA,17.0,134
WA,3.0,109
WA,55.0,76
WA,39.0,60
WA,51.0,55
WA,1.0,32
WA,59.0,22
WA,13.0,18
WA,23.0,18
WA,69.0,17
WA,19.0,12
WA,43.0,12
WI,79.0,7063
WI,25.0,1467
WI,101.0,1097
WI,9.0,1069
WI,133.0,930
WI,105.0,795
WI,117.0,541
WI,87.0,516
WI,139.0,496
WI,35.0,418
WI,73.0,417
WI,59.0,359
WI,71.0,357
WI,127.0,329
WI,141.0,323
WI,63.0,302
WI,131.0,272
WI,39.0,247
WI,31.0,225
WI,97.0,217
WI,109.0,217
WI,17.0,203
WI,55.0,189
WI,27.0,179
WI,111.0,175
WI,75.0,165
WI,89.0,164
WI,21.0,158
WI,29.0,157
WI,5.0,155
WI,81.0,152
WI,1.0,150
WI,83.0,147
WI,95.0,137
WI,85.0,135
WI,33.0,127
WI,43.0,125
WI,69.0,111
WI,135.0,99
WI,13.0,94
WI,45.0,94
WI,115.0,89
WI,123.0,88
WI,93.0,85
WI,15.0,81
WI,137.0,81
WI,7.0,71
WI,19.0,65
WI,53.0,63
WI,65.0,63
WI,57.0,61
WI,49.0,60
WI,129.0,59
WI,125.0,58
WI,3.0,57
WI,103.0,54
WI,113.0,45
WI,67.0,44
WI,23.0,41
WI,121.0,41
WI,61.0,39
WI,41.0,35
WI,77.0,33
WI,47.0,30
WI,11.0,22
WI,99.0,19
WI,51.0,18
WI,37.0,17
WI,107.0,17
WI,91.0,15
WI,119.0,12
WI,78.0,3
WV,39.0,3531
WV,11.0,1029
WV,107.0,679
WV,3.0,626
WV,81.0,536
WV,69.0,513
WV,55.0,450
WV,61.0,442
WV,37.0,388
WV,49.0,296
WV,29.0,260
WV,5.0,231
WV,19.0,216
WV,99.0,210
WV,33.0,200
WV,9.0,192
WV,79.0,182
WV,45.0,178
WV,77.0,178
WV,51.0,169
WV,53.0,140
WV,67.0,133
WV,25.0,131
WV,31.0,120
WV,83.0,118
WV,57.0,114
WV,65.0,104
WV,41.0,101
WV,87.0,99
WV,35.0,88
WV,43.0,86
WV,101.0,80
WV,59.0,73
WV,15.0,65
WV,97.0,54
WV,47.0,53
WV,27.0,49
WV,103.0,45
WV,89.0,42
WV,93.0,37
WV,7.0,36
WV,91.0,35
WV,85.0,33
WV,23.0,28
WV,75.0,26
WV,21.0,25
WV,73.0,25
WV,95.0,24
WV,105.0,18
WV,71.0,14
WV,63.0,13
WV,13.0,7
WV,109.0,7
WV,17.0,6
WV,1.0,2
WY,21.0,274
WY,25.0,249
WY,5.0,197
WY,37.0,142
WY,13.0,130
WY,29.0,79
WY,1.0,71
WY,33.0,63
WY,41.0,53
WY,7.0,45
WY,39.0,37
WY,15.0,34
WY,9.0,29
WY,3.0,28
WY,43.0,20
WY,23.0,14
WY,31.0,13
WY,45.0,11
WY,11.0,6
WY,19.0,5
WY,27.0,5
WY,35.0,5
